{"cameraMode":{"drawMode":0,"name":"Shaded","section":"Shading Mode"},"sceneLighting":false,"audioPlay":false,"sceneViewState":{"m_AlwaysRefresh":false,"showFog":true,"showSkybox":false,"showFlares":true,"showImageEffects":true,"showParticleSystems":true,"showVisualEffectGraphs":true,"m_FxEnabled":true},"in2DMode":false,"pivot":{"x":0.4700000286102295,"y":-0.5399999618530273,"z":9.270000457763672},"rotation":{"x":0.21157954633235932,"y":-0.19280646741390229,"z":0.04268208146095276,"w":0.9573302865028381},"size":1.299038052558899,"orthographic":false}