{"cameraMode":{"drawMode":0,"name":"Shaded","section":"Shading Mode"},"sceneLighting":true,"audioPlay":false,"sceneViewState":{"m_AlwaysRefresh":false,"showFog":true,"showSkybox":true,"showFlares":true,"showImageEffects":true,"showParticleSystems":true,"showVisualEffectGraphs":true,"m_FxEnabled":true},"in2DMode":false,"pivot":{"x":7.9911065101623539,"y":8.416027069091797,"z":-3.0186710357666017},"rotation":{"x":0.3717893362045288,"y":0.025831451639533044,"z":-0.010113383643329144,"w":0.9280536770820618},"size":15.37136173248291,"orthographic":false}