{"cameraMode":{"drawMode":0,"name":"Shaded","section":"Shading Mode"},"sceneLighting":true,"audioPlay":false,"sceneViewState":{"m_AlwaysRefresh":false,"showFog":true,"showSkybox":true,"showFlares":true,"showImageEffects":true,"showParticleSystems":true,"showVisualEffectGraphs":true,"m_FxEnabled":true},"in2DMode":false,"pivot":{"x":-0.02209726721048355,"y":0.29816508293151858,"z":7.569599628448486},"rotation":{"x":-0.2626357078552246,"y":-0.021132560446858407,"z":0.005743829533457756,"w":-0.9646769165992737},"size":0.25980767607688906,"orthographic":false}