{"cameraMode":{"drawMode":0,"name":"Shaded","section":"Shading Mode"},"sceneLighting":false,"audioPlay":false,"sceneViewState":{"m_AlwaysRefresh":false,"showFog":true,"showSkybox":false,"showFlares":true,"showImageEffects":true,"showParticleSystems":true,"showVisualEffectGraphs":true,"m_FxEnabled":true},"in2DMode":false,"pivot":{"x":-0.9300000071525574,"y":-0.7310000061988831,"z":9.09000015258789},"rotation":{"x":-0.2626357078552246,"y":-0.021132560446858407,"z":0.005743829533457756,"w":-0.9646769165992737},"size":0.4330127239227295,"orthographic":false}